종목코드,종목명,시장,class,score,현재가,today_return,mode
329180,HD현대중공업,KOSPI,A,6,559000,-2.95,initial
010130,고려아연,KOSPI,A,6,1536000,2.26,initial
000810,삼성화재,KOSPI,A,10,630000,27.14,initial
030200,KT,KOSPI,A,6,51300,-1.72,initial
047050,포스코인터내셔널,KOSPI,A,6,53600,-2.01,initial
443060,HD현대마린솔루션,KOSPI,A,7,201000,0.6,initial
010620,HD현대미포,KOSPI,A,10,223000,2.23e+16,initial
029780,삼성카드,KOSPI,A,8,55500,3.16,initial
088980,맥쿼리인프라,KOSPI,A,7,11630,0.09,initial
062040,산일전기,KOSPI,A,7,149000,-1.32,initial
108490,로보티즈,KOSDAQ,A,7,301500,5.24,initial
002380,KCC,KOSPI,A,7,425000,-1.51,initial
052690,한전기술,KOSPI,A,10,101300,4.33,initial
042670,HD현대인프라코어,KOSPI,A,7,16430,3.66,initial
012750,에스원,KOSPI,A,8,76400,0.92,initial
026960,동서,KOSPI,A,8,29050,5.83,initial
068270,셀트리온,KOSPI,B,4,186700,-0.32,initial
005935,삼성전자우,KOSPI,B,4,81400,-0.25,initial
267260,HD현대일렉트릭,KOSPI,B,4,846000,-2.53,initial
373220,LG에너지솔루션,KOSPI,B,5,446000,0.0,initial
009540,HD한국조선해양,KOSPI,B,4,445500,-0.67,initial
005930,삼성전자,KOSPI,B,4,107300,-1.74,initial
028260,삼성물산,KOSPI,B,4,252000,-1.18,initial
011200,HMM,KOSPI,B,5,20400,0.74,initial
003670,포스코퓨처엠,KOSPI,B,4,222000,-1.33,initial
298040,효성중공업,KOSPI,B,5,1978000,-0.5,initial
024110,기업은행,KOSPI,B,4,20650,-1.2,initial
086280,현대글로비스,KOSPI,B,5,182600,0.27,initial
180640,한진칼,KOSPI,B,4,110600,-1.25,initial
307950,현대오토에버,KOSPI,B,5,299000,1.01,initial
003490,대한항공,KOSPI,B,4,22100,-1.34,initial
000720,현대건설,KOSPI,B,5,73600,2.51,initial
005940,NH투자증권,KOSPI,B,4,20700,-1.19,initial
011070,LG이노텍,KOSPI,B,4,294500,0.17,initial
032640,LG유플러스,KOSPI,B,4,14940,-2.35,initial
064400,LG씨엔에스,KOSPI,B,5,65400,0.77,initial
128940,한미약품,KOSPI,B,5,450000,2.74,initial
241560,두산밥캣,KOSPI,B,4,59500,-0.34,initial
078930,GS,KOSPI,B,4,56100,-1.58,initial
082740,한화엔진,KOSPI,B,4,45150,-1.2,initial
017800,현대엘리베이터,KOSPI,B,4,91200,-2.25,initial
036460,한국가스공사,KOSPI,B,4,41400,-0.72,initial
031210,서울보증보험,KOSPI,B,4,50500,0.6,initial
011780,금호석유화학,KOSPI,B,4,121300,-1.14,initial
439260,대한조선,KOSPI,B,4,76300,1.19,initial
226950,올릭스,KOSDAQ,B,4,140200,3.93,initial
032830,삼성생명,KOSPI,C,3,153100,-2.23,initial
012330,현대모비스,KOSPI,C,3,360500,-2.57,initial
012450,한화에어로스페이스,KOSPI,C,3,904000,-3.0,initial
000660,SK하이닉스,KOSPI,C,2,565000,-3.09,initial
402340,SK스퀘어,KOSPI,C,2,307500,-5.09,initial
005380,현대차,KOSPI,C,2,295500,-2.8,initial
034020,두산에너빌리티,KOSPI,C,3,77300,-0.9,initial
207940,삼성바이오로직스,KOSPI,C,3,1669000,0.18,initial
000270,기아,KOSPI,C,3,122900,-1.36,initial
010140,삼성중공업,KOSPI,C,2,25800,-3.01,initial
096770,SK이노베이션,KOSPI,C,2,112300,-4.59,initial
034730,SK,KOSPI,C,3,261500,-2.97,initial
316140,우리금융지주,KOSPI,C,3,27500,-1.96,initial
009150,삼성전기,KOSPI,C,3,269500,-0.92,initial
033780,KT&G,KOSPI,C,3,141600,-0.42,initial
138040,메리츠금융지주,KOSPI,C,2,108500,-0.91,initial
006400,삼성SDI,KOSPI,C,2,308000,-4.05,initial
000150,두산,KOSPI,C,2,848000,-4.5,initial
066570,LG전자,KOSPI,C,2,94700,-1.25,initial
010120,LS ELECTRIC,KOSPI,C,3,497000,-2.74,initial
007660,이수페타시스,KOSPI,C,2,148200,0.0,initial
018260,삼성에스디에스,KOSPI,C,3,174400,-0.29,initial
017670,SK텔레콤,KOSPI,C,3,53400,-0.74,initial
003550,LG,KOSPI,C,3,81700,-1.92,initial
298380,에이비엘바이오,KOSDAQ,C,2,196300,-3.06,initial
323410,카카오뱅크,KOSPI,C,2,21450,-0.92,initial
047810,한국항공우주,KOSPI,C,2,109600,-0.09,initial
326030,SK바이오팜,KOSPI,C,2,135700,-1.24,initial
278470,에이피알,KOSPI,C,2,253500,-0.59,initial
272210,한화시스템,KOSPI,C,2,48050,0.42,initial
277810,레인보우로보틱스,KOSDAQ,C,3,470000,-0.84,initial
039490,키움증권,KOSPI,C,2,277500,-2.46,initial
079550,LIG넥스원,KOSPI,C,2,372500,-3.5,initial
950160,코오롱티슈진,KOSDAQ,C,2,81500,-2.98,initial
005387,현대차2우B,KOSPI,C,2,204500,-2.62,initial
028300,HLB,KOSDAQ,C,3,48300,-1.13,initial
006260,LS,KOSPI,C,2,183400,-1.98,initial
000250,삼천당제약,KOSDAQ,C,2,237000,-0.84,initial
001040,CJ,KOSPI,C,2,182200,0.0,initial
454910,두산로보틱스,KOSPI,C,3,83500,-1.53,initial
138930,BNK금융지주,KOSPI,C,3,15140,-2.13,initial
175330,JB금융지주,KOSPI,C,3,24350,-1.81,initial
005385,현대차우,KOSPI,C,2,202500,-1.94,initial
004020,현대제철,KOSPI,C,2,30550,-2.24,initial
450080,에코프로머티,KOSPI,C,2,61800,-4.63,initial
302440,SK바이오사이언스,KOSPI,C,2,52600,-1.13,initial
011790,SKC,KOSPI,C,2,113400,-2.07,initial
022100,포스코DX,KOSPI,C,2,27250,-2.15,initial
001440,대한전선,KOSPI,C,2,22300,-1.11,initial
111770,영원무역,KOSPI,C,3,89100,-0.34,initial
035250,강원랜드,KOSPI,C,2,17750,-0.56,initial
347850,디앤디파마텍,KOSDAQ,C,2,88300,0.11,initial
071970,HD현대마린엔진,KOSPI,C,3,86400,-1.37,initial
000990,DB하이텍,KOSPI,C,2,66500,-0.45,initial
